id,size,puzzle,solution,created_at,solution_inst,solution_alt
lgp-test-2x5-11,2*5,"There are 2 houses, numbered 1 to 2 from left to right, as seen from across the street. Each house is occupied by a different person. Each house has a unique attribute for each of the following characteristics:
 - Each person has a unique name: `Arnold`, `Eric`
 - People have unique heights: `very short`, `short`
 - Each person has a unique hobby: `gardening`, `photography`
 - Everyone has something unique for lunch: `grilled cheese`, `pizza`
 - Each person has an occupation: `doctor`, `engineer`

## Clues:
1. The person who enjoys gardening is directly left of the person who loves eating grilled cheese.
2. Eric is directly left of the person who is a doctor.
3. The person who is very short is not in the first house.
","{'header': array(['House', 'Name', 'Height', 'Hobby', 'Food', 'Occupation'],
      dtype=object), 'rows': array([array(['1', 'Eric', 'short', 'gardening', 'pizza', 'engineer'],
             dtype=object)                                            ,
       array(['2', 'Arnold', 'very short', 'photography', 'grilled cheese',
              'doctor'], dtype=object)                                     ],
      dtype=object)}",2024-07-03T21:21:29.205142,"{'reasoning': '___', 'solution': '{""House 1"":{""Name"":""___"",""Height"":""___"",""Hobby"":""___"",""Food"":""___"",""Occupation"":""___""},""House 2"":{""Name"":""___"",""Height"":""___"",""Hobby"":""___"",""Food"":""___"",""Occupation"":""___""}}'}","{'reasoning': '___', 'solution': '{""House 1"":{""Name"":""Eric"",""Height"":""short"",""Hobby"":""gardening"",""Food"":""pizza"",""Occupation"":""engineer""},""House 2"":{""Name"":""Arnold"",""Height"":""very short"",""Hobby"":""photography"",""Food"":""grilled cheese"",""Occupation"":""doctor""}}'}"
lgp-test-2x5-24,2*5,"There are 2 houses, numbered 1 to 2 from left to right, as seen from across the street. Each house is occupied by a different person. Each house has a unique attribute for each of the following characteristics:
 - Each person has a unique name: `Arnold`, `Eric`
 - Each person has a unique level of education: `associate`, `high school`
 - Each mother is accompanied by their child: `Fred`, `Bella`
 - People have unique favorite book genres: `science fiction`, `mystery`
 - Everyone has a favorite smoothie: `cherry`, `desert`

## Clues:
1. The person's child is named Fred is directly left of Arnold.
2. The person who loves mystery books is not in the second house.
3. The person with a high school diploma is the person's child is named Bella.
4. Eric and the Desert smoothie lover are next to each other.
","{'header': array(['House', 'Name', 'Education', 'Children', 'BookGenre', 'Smoothie'],
      dtype=object), 'rows': array([array(['1', 'Eric', 'associate', 'Fred', 'mystery', 'cherry'],
             dtype=object)                                           ,
       array(['2', 'Arnold', 'high school', 'Bella', 'science fiction', 'desert'],
             dtype=object)                                                        ],
      dtype=object)}",2024-07-03T21:21:29.205212,"{'reasoning': '___', 'solution': '{""House 1"":{""Name"":""___"",""Education"":""___"",""Children"":""___"",""BookGenre"":""___"",""Smoothie"":""___""},""House 2"":{""Name"":""___"",""Education"":""___"",""Children"":""___"",""BookGenre"":""___"",""Smoothie"":""___""}}'}","{'reasoning': '___', 'solution': '{""House 1"":{""Name"":""Eric"",""Education"":""associate"",""Children"":""Fred"",""BookGenre"":""mystery"",""Smoothie"":""cherry""},""House 2"":{""Name"":""Arnold"",""Education"":""high school"",""Children"":""Bella"",""BookGenre"":""science fiction"",""Smoothie"":""desert""}}'}"
lgp-test-2x5-22,2*5,"There are 2 houses, numbered 1 to 2 from left to right, as seen from across the street. Each house is occupied by a different person. Each house has a unique attribute for each of the following characteristics:
 - Each person has a unique name: `Eric`, `Arnold`
 - People have unique favorite music genres: `pop`, `rock`
 - Each person has a favorite color: `red`, `yellow`
 - People have unique favorite sports: `soccer`, `basketball`
 - People have unique hair colors: `brown`, `black`

## Clues:
1. Eric is the person who loves rock music.
2. Arnold is in the first house.
3. The person who loves pop music is the person who has black hair.
4. The person whose favorite color is red is not in the first house.
5. The person whose favorite color is red is the person who loves basketball.
","{'header': array(['House', 'Name', 'MusicGenre', 'Color', 'FavoriteSport',
       'HairColor'], dtype=object), 'rows': array([array(['1', 'Arnold', 'pop', 'yellow', 'soccer', 'black'], dtype=object),
       array(['2', 'Eric', 'rock', 'red', 'basketball', 'brown'], dtype=object)],
      dtype=object)}",2024-07-03T21:21:29.205202,"{'reasoning': '___', 'solution': '{""House 1"":{""Name"":""___"",""MusicGenre"":""___"",""Color"":""___"",""FavoriteSport"":""___"",""HairColor"":""___""},""House 2"":{""Name"":""___"",""MusicGenre"":""___"",""Color"":""___"",""FavoriteSport"":""___"",""HairColor"":""___""}}'}","{'reasoning': '___', 'solution': '{""House 1"":{""Name"":""Arnold"",""MusicGenre"":""pop"",""Color"":""yellow"",""FavoriteSport"":""soccer"",""HairColor"":""black""},""House 2"":{""Name"":""Eric"",""MusicGenre"":""rock"",""Color"":""red"",""FavoriteSport"":""basketball"",""HairColor"":""brown""}}'}"
lgp-test-2x5-35,2*5,"There are 2 houses, numbered 1 to 2 from left to right, as seen from across the street. Each house is occupied by a different person. Each house has a unique attribute for each of the following characteristics:
 - Each person has a unique name: `Arnold`, `Eric`
 - People have unique favorite book genres: `science fiction`, `mystery`
 - Each person has a favorite color: `red`, `yellow`
 - People have unique favorite sports: `basketball`, `soccer`
 - Each person prefers a unique type of vacation: `beach`, `mountain`

## Clues:
1. The person whose favorite color is red is not in the second house.
2. The person who loves soccer is Eric.
3. The person who loves beach vacations is not in the first house.
4. The person who loves mystery books is not in the first house.
5. The person whose favorite color is red is the person who loves basketball.
","{'header': array(['House', 'Name', 'BookGenre', 'Color', 'FavoriteSport', 'Vacation'],
      dtype=object), 'rows': array([array(['1', 'Arnold', 'science fiction', 'red', 'basketball', 'mountain'],
             dtype=object)                                                       ,
       array(['2', 'Eric', 'mystery', 'yellow', 'soccer', 'beach'], dtype=object)],
      dtype=object)}",2024-07-03T21:21:29.205272,"{'reasoning': '___', 'solution': '{""House 1"":{""Name"":""___"",""BookGenre"":""___"",""Color"":""___"",""FavoriteSport"":""___"",""Vacation"":""___""},""House 2"":{""Name"":""___"",""BookGenre"":""___"",""Color"":""___"",""FavoriteSport"":""___"",""Vacation"":""___""}}'}","{'reasoning': '___', 'solution': '{""House 1"":{""Name"":""Arnold"",""BookGenre"":""science fiction"",""Color"":""red"",""FavoriteSport"":""basketball"",""Vacation"":""mountain""},""House 2"":{""Name"":""Eric"",""BookGenre"":""mystery"",""Color"":""yellow"",""FavoriteSport"":""soccer"",""Vacation"":""beach""}}'}"
lgp-test-2x5-16,2*5,"There are 2 houses, numbered 1 to 2 from left to right, as seen from across the street. Each house is occupied by a different person. Each house has a unique attribute for each of the following characteristics:
 - Each person has a unique name: `Eric`, `Arnold`
 - Each person has a unique level of education: `associate`, `high school`
 - Everyone has something unique for lunch: `grilled cheese`, `pizza`
 - They all have a unique favorite flower: `daffodils`, `carnations`
 - People have unique favorite music genres: `rock`, `pop`

## Clues:
1. The person who loves a bouquet of daffodils is not in the first house.
2. The person who is a pizza lover is the person who loves a bouquet of daffodils.
3. The person who loves a bouquet of daffodils is Eric.
4. The person with a high school diploma is the person who loves a bouquet of daffodils.
5. The person who loves pop music is the person who loves a bouquet of daffodils.
","{'header': array(['House', 'Name', 'Education', 'Food', 'Flower', 'MusicGenre'],
      dtype=object), 'rows': array([array(['1', 'Arnold', 'associate', 'grilled cheese', 'carnations', 'rock'],
             dtype=object)                                                        ,
       array(['2', 'Eric', 'high school', 'pizza', 'daffodils', 'pop'],
             dtype=object)                                             ],
      dtype=object)}",2024-07-03T21:21:29.205170,"{'reasoning': '___', 'solution': '{""House 1"":{""Name"":""___"",""Education"":""___"",""Food"":""___"",""Flower"":""___"",""MusicGenre"":""___""},""House 2"":{""Name"":""___"",""Education"":""___"",""Food"":""___"",""Flower"":""___"",""MusicGenre"":""___""}}'}","{'reasoning': '___', 'solution': '{""House 1"":{""Name"":""Arnold"",""Education"":""associate"",""Food"":""grilled cheese"",""Flower"":""carnations"",""MusicGenre"":""rock""},""House 2"":{""Name"":""Eric"",""Education"":""high school"",""Food"":""pizza"",""Flower"":""daffodils"",""MusicGenre"":""pop""}}'}"
lgp-test-2x5-7,2*5,"There are 2 houses, numbered 1 to 2 from left to right, as seen from across the street. Each house is occupied by a different person. Each house has a unique attribute for each of the following characteristics:
 - Each person has a unique name: `Eric`, `Arnold`
 - Each person has an occupation: `engineer`, `doctor`
 - People use unique phone models: `samsung galaxy s21`, `iphone 13`
 - The people are of nationalities: `brit`, `dane`
 - Each person has a unique hobby: `photography`, `gardening`

## Clues:
1. Eric is the Dane.
2. The person who uses an iPhone 13 is somewhere to the left of the person who enjoys gardening.
3. The Dane is somewhere to the left of the person who enjoys gardening.
4. Arnold is the person who is an engineer.
","{'header': array(['House', 'Name', 'Occupation', 'PhoneModel', 'Nationality',
       'Hobby'], dtype=object), 'rows': array([array(['1', 'Eric', 'doctor', 'iphone 13', 'dane', 'photography'],
             dtype=object)                                               ,
       array(['2', 'Arnold', 'engineer', 'samsung galaxy s21', 'brit',
              'gardening'], dtype=object)                             ],
      dtype=object)}",2024-07-03T21:21:29.205121,"{'reasoning': '___', 'solution': '{""House 1"":{""Name"":""___"",""Occupation"":""___"",""PhoneModel"":""___"",""Nationality"":""___"",""Hobby"":""___""},""House 2"":{""Name"":""___"",""Occupation"":""___"",""PhoneModel"":""___"",""Nationality"":""___"",""Hobby"":""___""}}'}","{'reasoning': '___', 'solution': '{""House 1"":{""Name"":""Eric"",""Occupation"":""doctor"",""PhoneModel"":""iphone 13"",""Nationality"":""dane"",""Hobby"":""photography""},""House 2"":{""Name"":""Arnold"",""Occupation"":""engineer"",""PhoneModel"":""samsung galaxy s21"",""Nationality"":""brit"",""Hobby"":""gardening""}}'}"
lgp-test-2x5-0,2*5,"There are 2 houses, numbered 1 to 2 from left to right, as seen from across the street. Each house is occupied by a different person. Each house has a unique attribute for each of the following characteristics:
 - Each person has a unique name: `Eric`, `Arnold`
 - People have unique favorite book genres: `mystery`, `science fiction`
 - Each person has a unique birthday month: `sept`, `april`
 - Each person has a favorite color: `red`, `yellow`
 - People have unique heights: `very short`, `short`

## Clues:
1. The person who is short is somewhere to the right of the person who loves yellow.
2. The person who loves science fiction books is in the second house.
3. The person whose birthday is in April is the person who loves yellow.
4. Arnold is the person who loves science fiction books.
","{'header': array(['House', 'Name', 'BookGenre', 'Birthday', 'Color', 'Height'],
      dtype=object), 'rows': array([array(['1', 'Eric', 'mystery', 'april', 'yellow', 'very short'],
             dtype=object)                                             ,
       array(['2', 'Arnold', 'science fiction', 'sept', 'red', 'short'],
             dtype=object)                                              ],
      dtype=object)}",2024-07-03T21:21:29.205083,"{'reasoning': '___', 'solution': '{""House 1"":{""Name"":""___"",""BookGenre"":""___"",""Birthday"":""___"",""Color"":""___"",""Height"":""___""},""House 2"":{""Name"":""___"",""BookGenre"":""___"",""Birthday"":""___"",""Color"":""___"",""Height"":""___""}}'}","{'reasoning': '___', 'solution': '{""House 1"":{""Name"":""Eric"",""BookGenre"":""mystery"",""Birthday"":""april"",""Color"":""yellow"",""Height"":""very short""},""House 2"":{""Name"":""Arnold"",""BookGenre"":""science fiction"",""Birthday"":""sept"",""Color"":""red"",""Height"":""short""}}'}"
lgp-test-2x5-27,2*5,"There are 2 houses, numbered 1 to 2 from left to right, as seen from across the street. Each house is occupied by a different person. Each house has a unique attribute for each of the following characteristics:
 - Each person has a unique name: `Eric`, `Arnold`
 - Each person has a favorite color: `red`, `yellow`
 - People have unique hair colors: `brown`, `black`
 - Each person has a unique level of education: `associate`, `high school`
 - Everyone has a unique favorite cigar: `prince`, `pall mall`

## Clues:
1. The Prince smoker is directly left of the person with a high school diploma.
2. The Prince smoker and Arnold are next to each other.
3. The person whose favorite color is red is Arnold.
4. The person who has black hair is the Prince smoker.
","{'header': array(['House', 'Name', 'Color', 'HairColor', 'Education', 'Cigar'],
      dtype=object), 'rows': array([array(['1', 'Eric', 'yellow', 'black', 'associate', 'prince'],
             dtype=object)                                           ,
       array(['2', 'Arnold', 'red', 'brown', 'high school', 'pall mall'],
             dtype=object)                                               ],
      dtype=object)}",2024-07-03T21:21:29.205230,"{'reasoning': '___', 'solution': '{""House 1"":{""Name"":""___"",""Color"":""___"",""HairColor"":""___"",""Education"":""___"",""Cigar"":""___""},""House 2"":{""Name"":""___"",""Color"":""___"",""HairColor"":""___"",""Education"":""___"",""Cigar"":""___""}}'}","{'reasoning': '___', 'solution': '{""House 1"":{""Name"":""Eric"",""Color"":""yellow"",""HairColor"":""black"",""Education"":""associate"",""Cigar"":""prince""},""House 2"":{""Name"":""Arnold"",""Color"":""red"",""HairColor"":""brown"",""Education"":""high school"",""Cigar"":""pall mall""}}'}"
lgp-test-3x4-5,3*4,"There are 3 houses, numbered 1 to 3 from left to right, as seen from across the street. Each house is occupied by a different person. Each house has a unique attribute for each of the following characteristics:
 - Each person has a unique name: `Arnold`, `Eric`, `Peter`
 - Each person prefers a unique type of vacation: `beach`, `mountain`, `city`
 - They all have a unique favorite flower: `carnations`, `daffodils`, `lilies`
 - Each person has a unique birthday month: `april`, `jan`, `sept`

## Clues:
1. Eric is the person who prefers city breaks.
2. Peter is the person who loves beach vacations.
3. Arnold is somewhere to the right of the person who loves a carnations arrangement.
4. The person whose birthday is in April is the person who loves a bouquet of daffodils.
5. The person who loves a carnations arrangement is Peter.
6. The person whose birthday is in September is somewhere to the left of Peter.
","{'header': array(['House', 'Name', 'Vacation', 'Flower', 'Birthday'], dtype=object), 'rows': array([array(['1', 'Eric', 'city', 'lilies', 'sept'], dtype=object),
       array(['2', 'Peter', 'beach', 'carnations', 'jan'], dtype=object),
       array(['3', 'Arnold', 'mountain', 'daffodils', 'april'], dtype=object)],
      dtype=object)}",2024-07-03T21:21:29.206056,"{'reasoning': '___', 'solution': '{""House 1"":{""Name"":""___"",""Vacation"":""___"",""Flower"":""___"",""Birthday"":""___""},""House 2"":{""Name"":""___"",""Vacation"":""___"",""Flower"":""___"",""Birthday"":""___""},""House 3"":{""Name"":""___"",""Vacation"":""___"",""Flower"":""___"",""Birthday"":""___""}}'}","{'reasoning': '___', 'solution': '{""House 1"":{""Name"":""Eric"",""Vacation"":""city"",""Flower"":""lilies"",""Birthday"":""sept""},""House 2"":{""Name"":""Peter"",""Vacation"":""beach"",""Flower"":""carnations"",""Birthday"":""jan""},""House 3"":{""Name"":""Arnold"",""Vacation"":""mountain"",""Flower"":""daffodils"",""Birthday"":""april""}}'}"
lgp-test-3x4-31,3*4,"There are 3 houses, numbered 1 to 3 from left to right, as seen from across the street. Each house is occupied by a different person. Each house has a unique attribute for each of the following characteristics:
 - Each person has a unique name: `Arnold`, `Peter`, `Eric`
 - People have unique favorite book genres: `romance`, `mystery`, `science fiction`
 - Each person has a unique birthday month: `sept`, `april`, `jan`
 - The people are of nationalities: `brit`, `dane`, `swede`

## Clues:
1. Arnold is the person who loves mystery books.
2. Peter is directly left of the person who loves romance books.
3. Peter is somewhere to the left of the person who loves mystery books.
4. The person whose birthday is in April is somewhere to the right of the person whose birthday is in January.
5. The person whose birthday is in September is the Swedish person.
6. The Dane is in the third house.
7. The person who loves science fiction books is the person whose birthday is in September.
","{'header': array(['House', 'Name', 'BookGenre', 'Birthday', 'Nationality'],
      dtype=object), 'rows': array([array(['1', 'Peter', 'science fiction', 'sept', 'swede'], dtype=object),
       array(['2', 'Eric', 'romance', 'jan', 'brit'], dtype=object),
       array(['3', 'Arnold', 'mystery', 'april', 'dane'], dtype=object)],
      dtype=object)}",2024-07-03T21:21:29.206211,"{'reasoning': '___', 'solution': '{""House 1"":{""Name"":""___"",""BookGenre"":""___"",""Birthday"":""___"",""Nationality"":""___""},""House 2"":{""Name"":""___"",""BookGenre"":""___"",""Birthday"":""___"",""Nationality"":""___""},""House 3"":{""Name"":""___"",""BookGenre"":""___"",""Birthday"":""___"",""Nationality"":""___""}}'}","{'reasoning': '___', 'solution': '{""House 1"":{""Name"":""Peter"",""BookGenre"":""science fiction"",""Birthday"":""sept"",""Nationality"":""swede""},""House 2"":{""Name"":""Eric"",""BookGenre"":""romance"",""Birthday"":""jan"",""Nationality"":""brit""},""House 3"":{""Name"":""Arnold"",""BookGenre"":""mystery"",""Birthday"":""april"",""Nationality"":""dane""}}'}"
lgp-test-3x4-1,3*4,"There are 3 houses, numbered 1 to 3 from left to right, as seen from across the street. Each house is occupied by a different person. Each house has a unique attribute for each of the following characteristics:
 - Each person has a unique name: `Arnold`, `Peter`, `Eric`
 - The people keep unique animals: `horse`, `bird`, `cat`
 - Everyone has a unique favorite cigar: `pall mall`, `blue master`, `prince`
 - The mothers' names in different houses are unique: `Aniya`, `Holly`, `Janelle`

## Clues:
1. The bird keeper is somewhere to the left of Eric.
2. The bird keeper is directly left of the Prince smoker.
3. The person partial to Pall Mall is Arnold.
4. Eric is not in the third house.
5. The person partial to Pall Mall is the cat lover.
6. The person whose mother's name is Aniya is the bird keeper.
7. The person whose mother's name is Janelle is not in the second house.
","{'header': array(['House', 'Name', 'Animal', 'Cigar', 'Mother'], dtype=object), 'rows': array([array(['1', 'Peter', 'bird', 'blue master', 'Aniya'], dtype=object),
       array(['2', 'Eric', 'horse', 'prince', 'Holly'], dtype=object),
       array(['3', 'Arnold', 'cat', 'pall mall', 'Janelle'], dtype=object)],
      dtype=object)}",2024-07-03T21:21:29.206002,"{'reasoning': '___', 'solution': '{""House 1"":{""Name"":""___"",""Animal"":""___"",""Cigar"":""___"",""Mother"":""___""},""House 2"":{""Name"":""___"",""Animal"":""___"",""Cigar"":""___"",""Mother"":""___""},""House 3"":{""Name"":""___"",""Animal"":""___"",""Cigar"":""___"",""Mother"":""___""}}'}","{'reasoning': '___', 'solution': '{""House 1"":{""Name"":""Peter"",""Animal"":""bird"",""Cigar"":""blue master"",""Mother"":""Aniya""},""House 2"":{""Name"":""Eric"",""Animal"":""horse"",""Cigar"":""prince"",""Mother"":""Holly""},""House 3"":{""Name"":""Arnold"",""Animal"":""cat"",""Cigar"":""pall mall"",""Mother"":""Janelle""}}'}"
lgp-test-3x4-0,3*4,"There are 3 houses, numbered 1 to 3 from left to right, as seen from across the street. Each house is occupied by a different person. Each house has a unique attribute for each of the following characteristics:
 - Each person has a unique name: `Arnold`, `Peter`, `Eric`
 - The people are of nationalities: `dane`, `swede`, `brit`
 - The people keep unique animals: `bird`, `horse`, `cat`
 - People have unique favorite book genres: `romance`, `science fiction`, `mystery`

## Clues:
1. The bird keeper is somewhere to the left of the person who keeps horses.
2. The Swedish person is in the first house.
3. The British person is in the second house.
4. The cat lover is in the second house.
5. The person who loves science fiction books is directly left of Eric.
6. The person who loves mystery books is in the third house.
7. The person who loves romance books is Peter.
","{'header': array(['House', 'Name', 'Nationality', 'Animal', 'BookGenre'],
      dtype=object), 'rows': array([array(['1', 'Peter', 'swede', 'bird', 'romance'], dtype=object),
       array(['2', 'Arnold', 'brit', 'cat', 'science fiction'], dtype=object),
       array(['3', 'Eric', 'dane', 'horse', 'mystery'], dtype=object)],
      dtype=object)}",2024-07-03T21:21:29.205995,"{'reasoning': '___', 'solution': '{""House 1"":{""Name"":""___"",""Nationality"":""___"",""Animal"":""___"",""BookGenre"":""___""},""House 2"":{""Name"":""___"",""Nationality"":""___"",""Animal"":""___"",""BookGenre"":""___""},""House 3"":{""Name"":""___"",""Nationality"":""___"",""Animal"":""___"",""BookGenre"":""___""}}'}","{'reasoning': '___', 'solution': '{""House 1"":{""Name"":""Peter"",""Nationality"":""swede"",""Animal"":""bird"",""BookGenre"":""romance""},""House 2"":{""Name"":""Arnold"",""Nationality"":""brit"",""Animal"":""cat"",""BookGenre"":""science fiction""},""House 3"":{""Name"":""Eric"",""Nationality"":""dane"",""Animal"":""horse"",""BookGenre"":""mystery""}}'}"
lgp-test-3x4-2,3*4,"There are 3 houses, numbered 1 to 3 from left to right, as seen from across the street. Each house is occupied by a different person. Each house has a unique attribute for each of the following characteristics:
 - Each person has a unique name: `Eric`, `Peter`, `Arnold`
 - Each person has a unique favorite drink: `water`, `milk`, `tea`
 - They all have a unique favorite flower: `carnations`, `lilies`, `daffodils`
 - Everyone has a unique favorite cigar: `pall mall`, `prince`, `blue master`

## Clues:
1. The person who smokes Blue Master is the person who loves a bouquet of daffodils.
2. Arnold is somewhere to the right of the person who loves a carnations arrangement.
3. Eric is somewhere to the right of the Prince smoker.
4. The one who only drinks water is the person partial to Pall Mall.
5. The person who loves the boquet of lilies is Peter.
6. The tea drinker is not in the third house.
","{'header': array(['House', 'Name', 'Drink', 'Flower', 'Cigar'], dtype=object), 'rows': array([array(['1', 'Peter', 'tea', 'lilies', 'prince'], dtype=object),
       array(['2', 'Eric', 'water', 'carnations', 'pall mall'], dtype=object),
       array(['3', 'Arnold', 'milk', 'daffodils', 'blue master'], dtype=object)],
      dtype=object)}",2024-07-03T21:21:29.206036,"{'reasoning': '___', 'solution': '{""House 1"":{""Name"":""___"",""Drink"":""___"",""Flower"":""___"",""Cigar"":""___""},""House 2"":{""Name"":""___"",""Drink"":""___"",""Flower"":""___"",""Cigar"":""___""},""House 3"":{""Name"":""___"",""Drink"":""___"",""Flower"":""___"",""Cigar"":""___""}}'}","{'reasoning': '___', 'solution': '{""House 1"":{""Name"":""Peter"",""Drink"":""tea"",""Flower"":""lilies"",""Cigar"":""prince""},""House 2"":{""Name"":""Eric"",""Drink"":""water"",""Flower"":""carnations"",""Cigar"":""pall mall""},""House 3"":{""Name"":""Arnold"",""Drink"":""milk"",""Flower"":""daffodils"",""Cigar"":""blue master""}}'}"
lgp-test-3x4-20,3*4,"There are 3 houses, numbered 1 to 3 from left to right, as seen from across the street. Each house is occupied by a different person. Each house has a unique attribute for each of the following characteristics:
 - Each person has a unique name: `Arnold`, `Eric`, `Peter`
 - Everyone has a unique favorite cigar: `prince`, `pall mall`, `blue master`
 - Each person has a unique type of pet: `cat`, `dog`, `fish`
 - The mothers' names in different houses are unique: `Janelle`, `Holly`, `Aniya`

## Clues:
1. The person whose mother's name is Aniya is not in the first house.
2. The person who smokes Blue Master is in the third house.
3. Peter and the person partial to Pall Mall are next to each other.
4. The person whose mother's name is Janelle is in the third house.
5. The person with an aquarium of fish is somewhere to the left of the person who owns a dog.
6. The person who has a cat is The person whose mother's name is Janelle.
7. Peter is not in the third house.
8. The person whose mother's name is Aniya is Arnold.
","{'header': array(['House', 'Name', 'Cigar', 'Pet', 'Mother'], dtype=object), 'rows': array([array(['1', 'Peter', 'prince', 'fish', 'Holly'], dtype=object),
       array(['2', 'Arnold', 'pall mall', 'dog', 'Aniya'], dtype=object),
       array(['3', 'Eric', 'blue master', 'cat', 'Janelle'], dtype=object)],
      dtype=object)}",2024-07-03T21:21:29.206146,"{'reasoning': '___', 'solution': '{""House 1"":{""Name"":""___"",""Cigar"":""___"",""Pet"":""___"",""Mother"":""___""},""House 2"":{""Name"":""___"",""Cigar"":""___"",""Pet"":""___"",""Mother"":""___""},""House 3"":{""Name"":""___"",""Cigar"":""___"",""Pet"":""___"",""Mother"":""___""}}'}","{'reasoning': '___', 'solution': '{""House 1"":{""Name"":""Peter"",""Cigar"":""prince"",""Pet"":""fish"",""Mother"":""Holly""},""House 2"":{""Name"":""Arnold"",""Cigar"":""pall mall"",""Pet"":""dog"",""Mother"":""Aniya""},""House 3"":{""Name"":""Eric"",""Cigar"":""blue master"",""Pet"":""cat"",""Mother"":""Janelle""}}'}"
lgp-test-3x4-14,3*4,"There are 3 houses, numbered 1 to 3 from left to right, as seen from across the street. Each house is occupied by a different person. Each house has a unique attribute for each of the following characteristics:
 - Each person has a unique name: `Peter`, `Eric`, `Arnold`
 - The mothers' names in different houses are unique: `Janelle`, `Aniya`, `Holly`
 - People have unique favorite book genres: `romance`, `science fiction`, `mystery`
 - Each person has a unique type of pet: `cat`, `dog`, `fish`

## Clues:
1. The person who owns a dog is in the first house.
2. The person whose mother's name is Janelle is the person with an aquarium of fish.
3. There is one house between Eric and The person whose mother's name is Holly.
4. The person who loves mystery books is in the first house.
5. The person who loves romance books is directly left of Peter.
","{'header': array(['House', 'Name', 'Mother', 'BookGenre', 'Pet'], dtype=object), 'rows': array([array(['1', 'Eric', 'Aniya', 'mystery', 'dog'], dtype=object),
       array(['2', 'Arnold', 'Janelle', 'romance', 'fish'], dtype=object),
       array(['3', 'Peter', 'Holly', 'science fiction', 'cat'], dtype=object)],
      dtype=object)}",2024-07-03T21:21:29.206109,"{'reasoning': '___', 'solution': '{""House 1"":{""Name"":""___"",""Mother"":""___"",""BookGenre"":""___"",""Pet"":""___""},""House 2"":{""Name"":""___"",""Mother"":""___"",""BookGenre"":""___"",""Pet"":""___""},""House 3"":{""Name"":""___"",""Mother"":""___"",""BookGenre"":""___"",""Pet"":""___""}}'}","{'reasoning': '___', 'solution': '{""House 1"":{""Name"":""Eric"",""Mother"":""Aniya"",""BookGenre"":""mystery"",""Pet"":""dog""},""House 2"":{""Name"":""Arnold"",""Mother"":""Janelle"",""BookGenre"":""romance"",""Pet"":""fish""},""House 3"":{""Name"":""Peter"",""Mother"":""Holly"",""BookGenre"":""science fiction"",""Pet"":""cat""}}'}"
lgp-test-3x4-7,3*4,"There are 3 houses, numbered 1 to 3 from left to right, as seen from across the street. Each house is occupied by a different person. Each house has a unique attribute for each of the following characteristics:
 - Each person has a unique name: `Peter`, `Arnold`, `Eric`
 - Each mother is accompanied by their child: `Bella`, `Fred`, `Meredith`
 - The people are of nationalities: `dane`, `brit`, `swede`
 - Each person has a unique birthday month: `april`, `jan`, `sept`

## Clues:
1. The British person is directly left of Eric.
2. The person whose birthday is in September is directly left of Arnold.
3. The person's child is named Fred is in the second house.
4. The person's child is named Bella is Arnold.
5. The Swedish person is the person whose birthday is in January.
","{'header': array(['House', 'Name', 'Children', 'Nationality', 'Birthday'],
      dtype=object), 'rows': array([array(['1', 'Peter', 'Meredith', 'brit', 'april'], dtype=object),
       array(['2', 'Eric', 'Fred', 'dane', 'sept'], dtype=object),
       array(['3', 'Arnold', 'Bella', 'swede', 'jan'], dtype=object)],
      dtype=object)}",2024-07-03T21:21:29.206069,"{'reasoning': '___', 'solution': '{""House 1"":{""Name"":""___"",""Children"":""___"",""Nationality"":""___"",""Birthday"":""___""},""House 2"":{""Name"":""___"",""Children"":""___"",""Nationality"":""___"",""Birthday"":""___""},""House 3"":{""Name"":""___"",""Children"":""___"",""Nationality"":""___"",""Birthday"":""___""}}'}","{'reasoning': '___', 'solution': '{""House 1"":{""Name"":""Peter"",""Children"":""Meredith"",""Nationality"":""brit"",""Birthday"":""april""},""House 2"":{""Name"":""Eric"",""Children"":""Fred"",""Nationality"":""dane"",""Birthday"":""sept""},""House 3"":{""Name"":""Arnold"",""Children"":""Bella"",""Nationality"":""swede"",""Birthday"":""jan""}}'}"
lgp-test-4x5-23,4*5,"There are 4 houses, numbered 1 to 4 from left to right, as seen from across the street. Each house is occupied by a different person. Each house has a unique attribute for each of the following characteristics:
 - Each person has a unique name: `Peter`, `Eric`, `Arnold`, `Alice`
 - People have unique favorite music genres: `pop`, `classical`, `jazz`, `rock`
 - Each person has a unique hobby: `cooking`, `gardening`, `painting`, `photography`
 - Each person has a unique level of education: `master`, `associate`, `high school`, `bachelor`
 - Each person has a unique type of pet: `fish`, `bird`, `dog`, `cat`

## Clues:
1. The person who loves classical music is not in the fourth house.
2. Arnold is the person with a master's degree.
3. Alice is the person who owns a dog.
4. The person who enjoys gardening is not in the third house.
5. The person with a bachelor's degree is Alice.
6. Alice is the photography enthusiast.
7. Arnold is directly left of the person who loves pop music.
8. The person with an associate's degree is directly left of the photography enthusiast.
9. The person who loves rock music is the person who loves cooking.
10. The person with an associate's degree is Eric.
11. The person who has a cat is the person who loves jazz music.
12. Arnold is somewhere to the right of the person with an aquarium of fish.
","{'header': array(['House', 'Name', 'MusicGenre', 'Hobby', 'Education', 'Pet'],
      dtype=object), 'rows': array([array(['1', 'Eric', 'rock', 'cooking', 'associate', 'fish'], dtype=object),
       array(['2', 'Alice', 'classical', 'photography', 'bachelor', 'dog'],
             dtype=object)                                                 ,
       array(['3', 'Arnold', 'jazz', 'painting', 'master', 'cat'], dtype=object),
       array(['4', 'Peter', 'pop', 'gardening', 'high school', 'bird'],
             dtype=object)                                             ],
      dtype=object)}",2024-07-03T21:21:29.207765,"{'reasoning': '___', 'solution': '{""House 1"":{""Name"":""___"",""MusicGenre"":""___"",""Hobby"":""___"",""Education"":""___"",""Pet"":""___""},""House 2"":{""Name"":""___"",""MusicGenre"":""___"",""Hobby"":""___"",""Education"":""___"",""Pet"":""___""},""House 3"":{""Name"":""___"",""MusicGenre"":""___"",""Hobby"":""___"",""Education"":""___"",""Pet"":""___""},""House 4"":{""Name"":""___"",""MusicGenre"":""___"",""Hobby"":""___"",""Education"":""___"",""Pet"":""___""}}'}","{'reasoning': '___', 'solution': '{""House 1"":{""Name"":""Eric"",""MusicGenre"":""rock"",""Hobby"":""cooking"",""Education"":""associate"",""Pet"":""fish""},""House 2"":{""Name"":""Alice"",""MusicGenre"":""classical"",""Hobby"":""photography"",""Education"":""bachelor"",""Pet"":""dog""},""House 3"":{""Name"":""Arnold"",""MusicGenre"":""jazz"",""Hobby"":""painting"",""Education"":""master"",""Pet"":""cat""},""House 4"":{""Name"":""Peter"",""MusicGenre"":""pop"",""Hobby"":""gardening"",""Education"":""high school"",""Pet"":""bird""}}'}"
lgp-test-4x5-12,4*5,"There are 4 houses, numbered 1 to 4 from left to right, as seen from across the street. Each house is occupied by a different person. Each house has a unique attribute for each of the following characteristics:
 - Each person has a unique name: `Peter`, `Alice`, `Eric`, `Arnold`
 - Everyone has a favorite smoothie: `desert`, `watermelon`, `dragonfruit`, `cherry`
 - Each person lives in a unique style of house: `craftsman`, `victorian`, `ranch`, `colonial`
 - The people are of nationalities: `dane`, `brit`, `norwegian`, `swede`
 - People use unique phone models: `google pixel 6`, `samsung galaxy s21`, `iphone 13`, `oneplus 9`

## Clues:
1. The person who uses a Samsung Galaxy S21 is Arnold.
2. There is one house between Alice and the Norwegian.
3. There are two houses between the person who uses a OnePlus 9 and the person living in a colonial-style house.
4. The person living in a colonial-style house is the British person.
5. The person who uses an iPhone 13 is somewhere to the right of Alice.
6. The Watermelon smoothie lover is the British person.
7. The person residing in a Victorian house is somewhere to the left of the person who uses a Samsung Galaxy S21.
8. The Dane is the person who uses a OnePlus 9.
9. The Desert smoothie lover is not in the second house.
10. The person who uses an iPhone 13 is the Dragonfruit smoothie lover.
11. Eric is the Norwegian.
12. The person who uses a Samsung Galaxy S21 is the person in a Craftsman-style house.
","{'header': array(['House', 'Name', 'Smoothie', 'HouseStyle', 'Nationality',
       'PhoneModel'], dtype=object), 'rows': array([array(['1', 'Alice', 'desert', 'victorian', 'dane', 'oneplus 9'],
             dtype=object)                                              ,
       array(['2', 'Arnold', 'cherry', 'craftsman', 'swede',
              'samsung galaxy s21'], dtype=object)          ,
       array(['3', 'Eric', 'dragonfruit', 'ranch', 'norwegian', 'iphone 13'],
             dtype=object)                                                   ,
       array(['4', 'Peter', 'watermelon', 'colonial', 'brit', 'google pixel 6'],
             dtype=object)                                                      ],
      dtype=object)}",2024-07-03T21:21:29.207689,"{'reasoning': '___', 'solution': '{""House 1"":{""Name"":""___"",""Smoothie"":""___"",""HouseStyle"":""___"",""Nationality"":""___"",""PhoneModel"":""___""},""House 2"":{""Name"":""___"",""Smoothie"":""___"",""HouseStyle"":""___"",""Nationality"":""___"",""PhoneModel"":""___""},""House 3"":{""Name"":""___"",""Smoothie"":""___"",""HouseStyle"":""___"",""Nationality"":""___"",""PhoneModel"":""___""},""House 4"":{""Name"":""___"",""Smoothie"":""___"",""HouseStyle"":""___"",""Nationality"":""___"",""PhoneModel"":""___""}}'}","{'reasoning': '___', 'solution': '{""House 1"":{""Name"":""Alice"",""Smoothie"":""desert"",""HouseStyle"":""victorian"",""Nationality"":""dane"",""PhoneModel"":""oneplus 9""},""House 2"":{""Name"":""Arnold"",""Smoothie"":""cherry"",""HouseStyle"":""craftsman"",""Nationality"":""swede"",""PhoneModel"":""samsung galaxy s21""},""House 3"":{""Name"":""Eric"",""Smoothie"":""dragonfruit"",""HouseStyle"":""ranch"",""Nationality"":""norwegian"",""PhoneModel"":""iphone 13""},""House 4"":{""Name"":""Peter"",""Smoothie"":""watermelon"",""HouseStyle"":""colonial"",""Nationality"":""brit"",""PhoneModel"":""google pixel 6""}}'}"
lgp-test-4x5-38,4*5,"There are 4 houses, numbered 1 to 4 from left to right, as seen from across the street. Each house is occupied by a different person. Each house has a unique attribute for each of the following characteristics:
 - Each person has a unique name: `Arnold`, `Eric`, `Peter`, `Alice`
 - People have unique favorite sports: `basketball`, `soccer`, `swimming`, `tennis`
 - People use unique phone models: `oneplus 9`, `google pixel 6`, `samsung galaxy s21`, `iphone 13`
 - People own unique car models: `toyota camry`, `ford f150`, `tesla model 3`, `honda civic`
 - They all have a unique favorite flower: `roses`, `daffodils`, `lilies`, `carnations`

## Clues:
1. The person who owns a Honda Civic is the person who uses an iPhone 13.
2. The person who loves tennis is the person who uses an iPhone 13.
3. The person who uses a Google Pixel 6 is somewhere to the right of the person who loves basketball.
4. The person who uses an iPhone 13 is directly left of Eric.
5. Alice is the person who owns a Ford F-150.
6. Arnold is the person who loves a bouquet of daffodils.
7. The person who loves the boquet of lilies is in the third house.
8. The person who loves soccer is Peter.
9. The person who uses a OnePlus 9 is the person who loves the rose bouquet.
10. The person who loves a carnations arrangement is not in the fourth house.
11. Peter is the person who loves the boquet of lilies.
12. The person who owns a Toyota Camry is directly left of the person who owns a Tesla Model 3.
","{'header': array(['House', 'Name', 'FavoriteSport', 'PhoneModel', 'CarModel',
       'Flower'], dtype=object), 'rows': array([array(['1', 'Arnold', 'tennis', 'iphone 13', 'honda civic', 'daffodils'],
             dtype=object)                                                      ,
       array(['2', 'Eric', 'basketball', 'samsung galaxy s21', 'toyota camry',
              'carnations'], dtype=object)                                    ,
       array(['3', 'Peter', 'soccer', 'google pixel 6', 'tesla model 3',
              'lilies'], dtype=object)                                  ,
       array(['4', 'Alice', 'swimming', 'oneplus 9', 'ford f150', 'roses'],
             dtype=object)                                                 ],
      dtype=object)}",2024-07-03T21:21:29.207868,"{'reasoning': '___', 'solution': '{""House 1"":{""Name"":""___"",""FavoriteSport"":""___"",""PhoneModel"":""___"",""CarModel"":""___"",""Flower"":""___""},""House 2"":{""Name"":""___"",""FavoriteSport"":""___"",""PhoneModel"":""___"",""CarModel"":""___"",""Flower"":""___""},""House 3"":{""Name"":""___"",""FavoriteSport"":""___"",""PhoneModel"":""___"",""CarModel"":""___"",""Flower"":""___""},""House 4"":{""Name"":""___"",""FavoriteSport"":""___"",""PhoneModel"":""___"",""CarModel"":""___"",""Flower"":""___""}}'}","{'reasoning': '___', 'solution': '{""House 1"":{""Name"":""Arnold"",""FavoriteSport"":""tennis"",""PhoneModel"":""iphone 13"",""CarModel"":""honda civic"",""Flower"":""daffodils""},""House 2"":{""Name"":""Eric"",""FavoriteSport"":""basketball"",""PhoneModel"":""samsung galaxy s21"",""CarModel"":""toyota camry"",""Flower"":""carnations""},""House 3"":{""Name"":""Peter"",""FavoriteSport"":""soccer"",""PhoneModel"":""google pixel 6"",""CarModel"":""tesla model 3"",""Flower"":""lilies""},""House 4"":{""Name"":""Alice"",""FavoriteSport"":""swimming"",""PhoneModel"":""oneplus 9"",""CarModel"":""ford f150"",""Flower"":""roses""}}'}"
lgp-test-4x5-4,4*5,"There are 4 houses, numbered 1 to 4 from left to right, as seen from across the street. Each house is occupied by a different person. Each house has a unique attribute for each of the following characteristics:
 - Each person has a unique name: `Alice`, `Arnold`, `Peter`, `Eric`
 - Everyone has a unique favorite cigar: `pall mall`, `blue master`, `prince`, `dunhill`
 - People have unique favorite sports: `soccer`, `swimming`, `tennis`, `basketball`
 - Each person lives in a unique style of house: `ranch`, `colonial`, `craftsman`, `victorian`
 - Everyone has a favorite smoothie: `watermelon`, `desert`, `cherry`, `dragonfruit`

## Clues:
1. The Dunhill smoker is in the first house.
2. The person who smokes Blue Master is the Watermelon smoothie lover.
3. The person in a ranch-style home is the person who loves basketball.
4. The person who loves soccer is in the second house.
5. The Dunhill smoker is the person who likes Cherry smoothies.
6. The person who loves swimming is somewhere to the right of the person who smokes Blue Master.
7. The Dragonfruit smoothie lover is Alice.
8. The Prince smoker is the Dragonfruit smoothie lover.
9. The Watermelon smoothie lover is not in the second house.
10. Arnold is the person who smokes Blue Master.
11. The person who loves swimming is the person living in a colonial-style house.
12. The person who loves swimming is Peter.
13. The person in a Craftsman-style house is directly left of the person in a ranch-style home.
","{'header': array(['House', 'Name', 'Cigar', 'FavoriteSport', 'HouseStyle',
       'Smoothie'], dtype=object), 'rows': array([array(['1', 'Eric', 'dunhill', 'tennis', 'victorian', 'cherry'],
             dtype=object)                                             ,
       array(['2', 'Alice', 'prince', 'soccer', 'craftsman', 'dragonfruit'],
             dtype=object)                                                  ,
       array(['3', 'Arnold', 'blue master', 'basketball', 'ranch', 'watermelon'],
             dtype=object)                                                       ,
       array(['4', 'Peter', 'pall mall', 'swimming', 'colonial', 'desert'],
             dtype=object)                                                 ],
      dtype=object)}",2024-07-03T21:21:29.207633,"{'reasoning': '___', 'solution': '{""House 1"":{""Name"":""___"",""Cigar"":""___"",""FavoriteSport"":""___"",""HouseStyle"":""___"",""Smoothie"":""___""},""House 2"":{""Name"":""___"",""Cigar"":""___"",""FavoriteSport"":""___"",""HouseStyle"":""___"",""Smoothie"":""___""},""House 3"":{""Name"":""___"",""Cigar"":""___"",""FavoriteSport"":""___"",""HouseStyle"":""___"",""Smoothie"":""___""},""House 4"":{""Name"":""___"",""Cigar"":""___"",""FavoriteSport"":""___"",""HouseStyle"":""___"",""Smoothie"":""___""}}'}","{'reasoning': '___', 'solution': '{""House 1"":{""Name"":""Eric"",""Cigar"":""dunhill"",""FavoriteSport"":""tennis"",""HouseStyle"":""victorian"",""Smoothie"":""cherry""},""House 2"":{""Name"":""Alice"",""Cigar"":""prince"",""FavoriteSport"":""soccer"",""HouseStyle"":""craftsman"",""Smoothie"":""dragonfruit""},""House 3"":{""Name"":""Arnold"",""Cigar"":""blue master"",""FavoriteSport"":""basketball"",""HouseStyle"":""ranch"",""Smoothie"":""watermelon""},""House 4"":{""Name"":""Peter"",""Cigar"":""pall mall"",""FavoriteSport"":""swimming"",""HouseStyle"":""colonial"",""Smoothie"":""desert""}}'}"
lgp-test-4x5-7,4*5,"There are 4 houses, numbered 1 to 4 from left to right, as seen from across the street. Each house is occupied by a different person. Each house has a unique attribute for each of the following characteristics:
 - Each person has a unique name: `Eric`, `Peter`, `Alice`, `Arnold`
 - Each person has a unique birthday month: `sept`, `feb`, `april`, `jan`
 - People have unique favorite book genres: `romance`, `fantasy`, `mystery`, `science fiction`
 - They all have a unique favorite flower: `roses`, `daffodils`, `lilies`, `carnations`
 - Each person prefers a unique type of vacation: `cruise`, `city`, `mountain`, `beach`

## Clues:
1. There are two houses between the person who loves fantasy books and the person whose birthday is in April.
2. The person whose birthday is in February is directly left of the person who loves a bouquet of daffodils.
3. The person who likes going on cruises is the person who loves a carnations arrangement.
4. The person whose birthday is in September is directly left of the person who loves science fiction books.
5. The person who loves a bouquet of daffodils is the person who prefers city breaks.
6. The person whose birthday is in April is Arnold.
7. The person whose birthday is in February is the person who loves a carnations arrangement.
8. Alice is the person who likes going on cruises.
9. The person who loves the boquet of lilies is the person who enjoys mountain retreats.
10. Eric is not in the third house.
11. The person who loves science fiction books is the person who loves the boquet of lilies.
12. The person who loves mystery books is Eric.
13. Eric and the person whose birthday is in January are next to each other.
","{'header': array(['House', 'Name', 'Birthday', 'BookGenre', 'Flower', 'Vacation'],
      dtype=object), 'rows': array([array(['1', 'Alice', 'feb', 'fantasy', 'carnations', 'cruise'],
             dtype=object)                                            ,
       array(['2', 'Eric', 'sept', 'mystery', 'daffodils', 'city'], dtype=object),
       array(['3', 'Peter', 'jan', 'science fiction', 'lilies', 'mountain'],
             dtype=object)                                                  ,
       array(['4', 'Arnold', 'april', 'romance', 'roses', 'beach'], dtype=object)],
      dtype=object)}",2024-07-03T21:21:29.207654,"{'reasoning': '___', 'solution': '{""House 1"":{""Name"":""___"",""Birthday"":""___"",""BookGenre"":""___"",""Flower"":""___"",""Vacation"":""___""},""House 2"":{""Name"":""___"",""Birthday"":""___"",""BookGenre"":""___"",""Flower"":""___"",""Vacation"":""___""},""House 3"":{""Name"":""___"",""Birthday"":""___"",""BookGenre"":""___"",""Flower"":""___"",""Vacation"":""___""},""House 4"":{""Name"":""___"",""Birthday"":""___"",""BookGenre"":""___"",""Flower"":""___"",""Vacation"":""___""}}'}","{'reasoning': '___', 'solution': '{""House 1"":{""Name"":""Alice"",""Birthday"":""feb"",""BookGenre"":""fantasy"",""Flower"":""carnations"",""Vacation"":""cruise""},""House 2"":{""Name"":""Eric"",""Birthday"":""sept"",""BookGenre"":""mystery"",""Flower"":""daffodils"",""Vacation"":""city""},""House 3"":{""Name"":""Peter"",""Birthday"":""jan"",""BookGenre"":""science fiction"",""Flower"":""lilies"",""Vacation"":""mountain""},""House 4"":{""Name"":""Arnold"",""Birthday"":""april"",""BookGenre"":""romance"",""Flower"":""roses"",""Vacation"":""beach""}}'}"
lgp-test-4x5-26,4*5,"There are 4 houses, numbered 1 to 4 from left to right, as seen from across the street. Each house is occupied by a different person. Each house has a unique attribute for each of the following characteristics:
 - Each person has a unique name: `Eric`, `Peter`, `Arnold`, `Alice`
 - Each person has an occupation: `doctor`, `teacher`, `artist`, `engineer`
 - Each person has a unique type of pet: `fish`, `dog`, `bird`, `cat`
 - People have unique heights: `short`, `average`, `tall`, `very short`
 - People have unique favorite book genres: `fantasy`, `science fiction`, `romance`, `mystery`

## Clues:
1. The person who has a cat is directly left of the person who is a teacher.
2. Alice and the person who has an average height are next to each other.
3. The person who is tall is somewhere to the right of Arnold.
4. The person who keeps a pet bird is not in the third house.
5. The person who loves science fiction books is the person who is tall.
6. The person who is a doctor is not in the third house.
7. The person who loves fantasy books is the person with an aquarium of fish.
8. Eric is the person who is very short.
9. The person who is a teacher is directly left of Alice.
10. The person with an aquarium of fish is somewhere to the right of the person who is an engineer.
11. The person who loves fantasy books is Eric.
12. The person who loves romance books and the person with an aquarium of fish are next to each other.
","{'header': array(['House', 'Name', 'Occupation', 'Pet', 'Height', 'BookGenre'],
      dtype=object), 'rows': array([array(['1', 'Arnold', 'engineer', 'cat', 'short', 'romance'], dtype=object),
       array(['2', 'Eric', 'teacher', 'fish', 'very short', 'fantasy'],
             dtype=object)                                             ,
       array(['3', 'Alice', 'artist', 'dog', 'tall', 'science fiction'],
             dtype=object)                                              ,
       array(['4', 'Peter', 'doctor', 'bird', 'average', 'mystery'], dtype=object)],
      dtype=object)}",2024-07-03T21:21:29.207784,"{'reasoning': '___', 'solution': '{""House 1"":{""Name"":""___"",""Occupation"":""___"",""Pet"":""___"",""Height"":""___"",""BookGenre"":""___""},""House 2"":{""Name"":""___"",""Occupation"":""___"",""Pet"":""___"",""Height"":""___"",""BookGenre"":""___""},""House 3"":{""Name"":""___"",""Occupation"":""___"",""Pet"":""___"",""Height"":""___"",""BookGenre"":""___""},""House 4"":{""Name"":""___"",""Occupation"":""___"",""Pet"":""___"",""Height"":""___"",""BookGenre"":""___""}}'}","{'reasoning': '___', 'solution': '{""House 1"":{""Name"":""Arnold"",""Occupation"":""engineer"",""Pet"":""cat"",""Height"":""short"",""BookGenre"":""romance""},""House 2"":{""Name"":""Eric"",""Occupation"":""teacher"",""Pet"":""fish"",""Height"":""very short"",""BookGenre"":""fantasy""},""House 3"":{""Name"":""Alice"",""Occupation"":""artist"",""Pet"":""dog"",""Height"":""tall"",""BookGenre"":""science fiction""},""House 4"":{""Name"":""Peter"",""Occupation"":""doctor"",""Pet"":""bird"",""Height"":""average"",""BookGenre"":""mystery""}}'}"
lgp-test-4x5-24,4*5,"There are 4 houses, numbered 1 to 4 from left to right, as seen from across the street. Each house is occupied by a different person. Each house has a unique attribute for each of the following characteristics:
 - Each person has a unique name: `Eric`, `Alice`, `Arnold`, `Peter`
 - Everyone has a favorite smoothie: `cherry`, `dragonfruit`, `desert`, `watermelon`
 - Each person has a favorite color: `green`, `red`, `yellow`, `white`
 - They all have a unique favorite flower: `roses`, `carnations`, `daffodils`, `lilies`
 - People have unique favorite book genres: `fantasy`, `science fiction`, `mystery`, `romance`

## Clues:
1. The person who loves romance books is the person who loves white.
2. The person who loves fantasy books is the person who loves a bouquet of daffodils.
3. The person who likes Cherry smoothies is somewhere to the left of the person who loves romance books.
4. The person who loves science fiction books is somewhere to the right of Peter.
5. The person who loves the boquet of lilies is the person who loves science fiction books.
6. The person who loves romance books is not in the fourth house.
7. The person who loves fantasy books is the Dragonfruit smoothie lover.
8. The person who loves white is the Desert smoothie lover.
9. The person who loves a carnations arrangement is not in the third house.
10. Alice is the person who likes Cherry smoothies.
11. Eric is the person who loves mystery books.
12. The person whose favorite color is green is in the second house.
13. The person who loves yellow is somewhere to the left of Eric.
","{'header': array(['House', 'Name', 'Smoothie', 'Color', 'Flower', 'BookGenre'],
      dtype=object), 'rows': array([array(['1', 'Peter', 'dragonfruit', 'yellow', 'daffodils', 'fantasy'],
             dtype=object)                                                   ,
       array(['2', 'Alice', 'cherry', 'green', 'lilies', 'science fiction'],
             dtype=object)                                                  ,
       array(['3', 'Arnold', 'desert', 'white', 'roses', 'romance'], dtype=object),
       array(['4', 'Eric', 'watermelon', 'red', 'carnations', 'mystery'],
             dtype=object)                                               ],
      dtype=object)}",2024-07-03T21:21:29.207772,"{'reasoning': '___', 'solution': '{""House 1"":{""Name"":""___"",""Smoothie"":""___"",""Color"":""___"",""Flower"":""___"",""BookGenre"":""___""},""House 2"":{""Name"":""___"",""Smoothie"":""___"",""Color"":""___"",""Flower"":""___"",""BookGenre"":""___""},""House 3"":{""Name"":""___"",""Smoothie"":""___"",""Color"":""___"",""Flower"":""___"",""BookGenre"":""___""},""House 4"":{""Name"":""___"",""Smoothie"":""___"",""Color"":""___"",""Flower"":""___"",""BookGenre"":""___""}}'}","{'reasoning': '___', 'solution': '{""House 1"":{""Name"":""Peter"",""Smoothie"":""dragonfruit"",""Color"":""yellow"",""Flower"":""daffodils"",""BookGenre"":""fantasy""},""House 2"":{""Name"":""Alice"",""Smoothie"":""cherry"",""Color"":""green"",""Flower"":""lilies"",""BookGenre"":""science fiction""},""House 3"":{""Name"":""Arnold"",""Smoothie"":""desert"",""Color"":""white"",""Flower"":""roses"",""BookGenre"":""romance""},""House 4"":{""Name"":""Eric"",""Smoothie"":""watermelon"",""Color"":""red"",""Flower"":""carnations"",""BookGenre"":""mystery""}}'}"
lgp-test-4x5-2,4*5,"There are 4 houses, numbered 1 to 4 from left to right, as seen from across the street. Each house is occupied by a different person. Each house has a unique attribute for each of the following characteristics:
 - Each person has a unique name: `Peter`, `Alice`, `Eric`, `Arnold`
 - The people keep unique animals: `horse`, `cat`, `fish`, `bird`
 - People use unique phone models: `oneplus 9`, `google pixel 6`, `iphone 13`, `samsung galaxy s21`
 - Each person has a favorite color: `red`, `white`, `yellow`, `green`
 - Each person lives in a unique style of house: `colonial`, `victorian`, `ranch`, `craftsman`

## Clues:
1. The fish enthusiast is the person who uses an iPhone 13.
2. Alice is in the fourth house.
3. Peter is in the first house.
4. The person residing in a Victorian house is the person whose favorite color is red.
5. The person who loves white is the person in a Craftsman-style house.
6. The person whose favorite color is green is in the fourth house.
7. The person living in a colonial-style house is Eric.
8. The bird keeper is Peter.
9. The person who uses a Google Pixel 6 is in the fourth house.
10. The person who loves white is the person who uses a Samsung Galaxy S21.
11. The person living in a colonial-style house is the cat lover.
12. Eric is not in the third house.
","{'header': array(['House', 'Name', 'Animal', 'PhoneModel', 'Color', 'HouseStyle'],
      dtype=object), 'rows': array([array(['1', 'Peter', 'bird', 'samsung galaxy s21', 'white', 'craftsman'],
             dtype=object)                                                      ,
       array(['2', 'Eric', 'cat', 'oneplus 9', 'yellow', 'colonial'],
             dtype=object)                                           ,
       array(['3', 'Arnold', 'fish', 'iphone 13', 'red', 'victorian'],
             dtype=object)                                            ,
       array(['4', 'Alice', 'horse', 'google pixel 6', 'green', 'ranch'],
             dtype=object)                                               ],
      dtype=object)}",2024-07-03T21:21:29.207620,"{'reasoning': '___', 'solution': '{""House 1"":{""Name"":""___"",""Animal"":""___"",""PhoneModel"":""___"",""Color"":""___"",""HouseStyle"":""___""},""House 2"":{""Name"":""___"",""Animal"":""___"",""PhoneModel"":""___"",""Color"":""___"",""HouseStyle"":""___""},""House 3"":{""Name"":""___"",""Animal"":""___"",""PhoneModel"":""___"",""Color"":""___"",""HouseStyle"":""___""},""House 4"":{""Name"":""___"",""Animal"":""___"",""PhoneModel"":""___"",""Color"":""___"",""HouseStyle"":""___""}}'}","{'reasoning': '___', 'solution': '{""House 1"":{""Name"":""Peter"",""Animal"":""bird"",""PhoneModel"":""samsung galaxy s21"",""Color"":""white"",""HouseStyle"":""craftsman""},""House 2"":{""Name"":""Eric"",""Animal"":""cat"",""PhoneModel"":""oneplus 9"",""Color"":""yellow"",""HouseStyle"":""colonial""},""House 3"":{""Name"":""Arnold"",""Animal"":""fish"",""PhoneModel"":""iphone 13"",""Color"":""red"",""HouseStyle"":""victorian""},""House 4"":{""Name"":""Alice"",""Animal"":""horse"",""PhoneModel"":""google pixel 6"",""Color"":""green"",""HouseStyle"":""ranch""}}'}"
lgp-test-5x6-13,5*6,"There are 5 houses, numbered 1 to 5 from left to right, as seen from across the street. Each house is occupied by a different person. Each house has a unique attribute for each of the following characteristics:
 - Each person has a unique name: `Eric`, `Peter`, `Arnold`, `Alice`, `Bob`
 - Everyone has something unique for lunch: `stir fry`, `spaghetti`, `stew`, `grilled cheese`, `pizza`
 - People own unique car models: `ford f150`, `tesla model 3`, `bmw 3 series`, `toyota camry`, `honda civic`
 - People use unique phone models: `iphone 13`, `google pixel 6`, `samsung galaxy s21`, `oneplus 9`, `huawei p50`
 - Each person has an occupation: `teacher`, `lawyer`, `doctor`, `artist`, `engineer`
 - Each person has a unique favorite drink: `tea`, `milk`, `water`, `root beer`, `coffee`

## Clues:
1. The root beer lover is the person who owns a Honda Civic.
2. The person who likes milk is directly left of the person who loves eating grilled cheese.
3. Alice is the person who uses a Samsung Galaxy S21.
4. Alice is the person who loves stir fry.
5. The tea drinker is not in the fifth house.
6. The person who owns a BMW 3 Series is somewhere to the left of the tea drinker.
7. The person who is a doctor is Arnold.
8. The person who uses an iPhone 13 is the coffee drinker.
9. The person who is an engineer is the person who owns a BMW 3 Series.
10. The person who loves the stew is the person who uses an iPhone 13.
11. The person who is a doctor is directly left of the person who uses a OnePlus 9.
12. The person who owns a Honda Civic is directly left of the person who loves the spaghetti eater.
13. The person who uses a Google Pixel 6 is the tea drinker.
14. Alice is the person who is an artist.
15. There is one house between Alice and the person who owns a Ford F-150.
16. Arnold is the person who owns a Toyota Camry.
17. Eric is in the fourth house.
18. The person who uses a OnePlus 9 is the person who is a lawyer.
19. The person who loves eating grilled cheese is Peter.
","{'header': array(['House', 'Name', 'Food', 'CarModel', 'PhoneModel', 'Occupation',
       'Drink'], dtype=object), 'rows': array([array(['1', 'Bob', 'stew', 'bmw 3 series', 'iphone 13', 'engineer',
              'coffee'], dtype=object)                                    ,
       array(['2', 'Alice', 'stir fry', 'honda civic', 'samsung galaxy s21',
              'artist', 'root beer'], dtype=object)                         ,
       array(['3', 'Arnold', 'spaghetti', 'toyota camry', 'google pixel 6',
              'doctor', 'tea'], dtype=object)                              ,
       array(['4', 'Eric', 'pizza', 'ford f150', 'oneplus 9', 'lawyer', 'milk'],
             dtype=object)                                                      ,
       array(['5', 'Peter', 'grilled cheese', 'tesla model 3', 'huawei p50',
              'teacher', 'water'], dtype=object)                            ],
      dtype=object)}",2024-07-03T21:21:29.209443,"{'reasoning': '___', 'solution': '{""House 1"":{""Name"":""___"",""Food"":""___"",""CarModel"":""___"",""PhoneModel"":""___"",""Occupation"":""___"",""Drink"":""___""},""House 2"":{""Name"":""___"",""Food"":""___"",""CarModel"":""___"",""PhoneModel"":""___"",""Occupation"":""___"",""Drink"":""___""},""House 3"":{""Name"":""___"",""Food"":""___"",""CarModel"":""___"",""PhoneModel"":""___"",""Occupation"":""___"",""Drink"":""___""},""House 4"":{""Name"":""___"",""Food"":""___"",""CarModel"":""___"",""PhoneModel"":""___"",""Occupation"":""___"",""Drink"":""___""},""House 5"":{""Name"":""___"",""Food"":""___"",""CarModel"":""___"",""PhoneModel"":""___"",""Occupation"":""___"",""Drink"":""___""}}'}","{'reasoning': '___', 'solution': '{""House 1"":{""Name"":""Bob"",""Food"":""stew"",""CarModel"":""bmw 3 series"",""PhoneModel"":""iphone 13"",""Occupation"":""engineer"",""Drink"":""coffee""},""House 2"":{""Name"":""Alice"",""Food"":""stir fry"",""CarModel"":""honda civic"",""PhoneModel"":""samsung galaxy s21"",""Occupation"":""artist"",""Drink"":""root beer""},""House 3"":{""Name"":""Arnold"",""Food"":""spaghetti"",""CarModel"":""toyota camry"",""PhoneModel"":""google pixel 6"",""Occupation"":""doctor"",""Drink"":""tea""},""House 4"":{""Name"":""Eric"",""Food"":""pizza"",""CarModel"":""ford f150"",""PhoneModel"":""oneplus 9"",""Occupation"":""lawyer"",""Drink"":""milk""},""House 5"":{""Name"":""Peter"",""Food"":""grilled cheese"",""CarModel"":""tesla model 3"",""PhoneModel"":""huawei p50"",""Occupation"":""teacher"",""Drink"":""water""}}'}"
lgp-test-5x6-3,5*6,"There are 5 houses, numbered 1 to 5 from left to right, as seen from across the street. Each house is occupied by a different person. Each house has a unique attribute for each of the following characteristics:
 - Each person has a unique name: `Eric`, `Arnold`, `Bob`, `Peter`, `Alice`
 - Everyone has a unique favorite cigar: `dunhill`, `blue master`, `blends`, `pall mall`, `prince`
 - Each person has an occupation: `lawyer`, `artist`, `engineer`, `doctor`, `teacher`
 - People own unique car models: `ford f150`, `toyota camry`, `honda civic`, `bmw 3 series`, `tesla model 3`
 - Everyone has a favorite smoothie: `watermelon`, `cherry`, `dragonfruit`, `desert`, `lime`
 - Everyone has something unique for lunch: `stew`, `spaghetti`, `grilled cheese`, `pizza`, `stir fry`

## Clues:
1. There are two houses between the person who owns a BMW 3 Series and the person who owns a Tesla Model 3.
2. The person who is an artist is Bob.
3. The person who owns a Ford F-150 is the person who smokes Blue Master.
4. The person who loves the spaghetti eater is in the second house.
5. The person who is an engineer is the Watermelon smoothie lover.
6. Alice is the person who drinks Lime smoothies.
7. The person who is an artist is the Dunhill smoker.
8. The person who likes Cherry smoothies is not in the fifth house.
9. Peter is not in the fourth house.
10. The Desert smoothie lover is the person who loves stir fry.
11. The person who likes Cherry smoothies is somewhere to the right of the person who smokes many unique blends.
12. The person who is a teacher is the person who loves eating grilled cheese.
13. Arnold is the person who is a lawyer.
14. The Dragonfruit smoothie lover is the person who owns a Honda Civic.
15. Peter is somewhere to the right of the Desert smoothie lover.
16. The Prince smoker is the Watermelon smoothie lover.
17. There is one house between the person who owns a Honda Civic and the person who loves the stew.
18. The person who owns a Tesla Model 3 is the person who likes Cherry smoothies.
19. The person who owns a Ford F-150 is directly left of the person who is a doctor.
20. The person who is an artist is the Desert smoothie lover.
","{'header': array(['House', 'Name', 'Cigar', 'Occupation', 'CarModel', 'Smoothie',
       'Food'], dtype=object), 'rows': array([array(['1', 'Bob', 'dunhill', 'artist', 'bmw 3 series', 'desert',
              'stir fry'], dtype=object)                                ,
       array(['2', 'Arnold', 'blends', 'lawyer', 'honda civic', 'dragonfruit',
              'spaghetti'], dtype=object)                                     ,
       array(['3', 'Alice', 'blue master', 'teacher', 'ford f150', 'lime',
              'grilled cheese'], dtype=object)                            ,
       array(['4', 'Eric', 'pall mall', 'doctor', 'tesla model 3', 'cherry',
              'stew'], dtype=object)                                        ,
       array(['5', 'Peter', 'prince', 'engineer', 'toyota camry', 'watermelon',
              'pizza'], dtype=object)                                          ],
      dtype=object)}",2024-07-03T21:21:29.209367,"{'reasoning': '___', 'solution': '{""House 1"":{""Name"":""___"",""Cigar"":""___"",""Occupation"":""___"",""CarModel"":""___"",""Smoothie"":""___"",""Food"":""___""},""House 2"":{""Name"":""___"",""Cigar"":""___"",""Occupation"":""___"",""CarModel"":""___"",""Smoothie"":""___"",""Food"":""___""},""House 3"":{""Name"":""___"",""Cigar"":""___"",""Occupation"":""___"",""CarModel"":""___"",""Smoothie"":""___"",""Food"":""___""},""House 4"":{""Name"":""___"",""Cigar"":""___"",""Occupation"":""___"",""CarModel"":""___"",""Smoothie"":""___"",""Food"":""___""},""House 5"":{""Name"":""___"",""Cigar"":""___"",""Occupation"":""___"",""CarModel"":""___"",""Smoothie"":""___"",""Food"":""___""}}'}","{'reasoning': '___', 'solution': '{""House 1"":{""Name"":""Bob"",""Cigar"":""dunhill"",""Occupation"":""artist"",""CarModel"":""bmw 3 series"",""Smoothie"":""desert"",""Food"":""stir fry""},""House 2"":{""Name"":""Arnold"",""Cigar"":""blends"",""Occupation"":""lawyer"",""CarModel"":""honda civic"",""Smoothie"":""dragonfruit"",""Food"":""spaghetti""},""House 3"":{""Name"":""Alice"",""Cigar"":""blue master"",""Occupation"":""teacher"",""CarModel"":""ford f150"",""Smoothie"":""lime"",""Food"":""grilled cheese""},""House 4"":{""Name"":""Eric"",""Cigar"":""pall mall"",""Occupation"":""doctor"",""CarModel"":""tesla model 3"",""Smoothie"":""cherry"",""Food"":""stew""},""House 5"":{""Name"":""Peter"",""Cigar"":""prince"",""Occupation"":""engineer"",""CarModel"":""toyota camry"",""Smoothie"":""watermelon"",""Food"":""pizza""}}'}"
lgp-test-5x6-17,5*6,"There are 5 houses, numbered 1 to 5 from left to right, as seen from across the street. Each house is occupied by a different person. Each house has a unique attribute for each of the following characteristics:
 - Each person has a unique name: `Bob`, `Alice`, `Eric`, `Peter`, `Arnold`
 - People use unique phone models: `iphone 13`, `samsung galaxy s21`, `huawei p50`, `google pixel 6`, `oneplus 9`
 - People have unique favorite sports: `soccer`, `swimming`, `baseball`, `basketball`, `tennis`
 - Everyone has a favorite smoothie: `cherry`, `dragonfruit`, `lime`, `desert`, `watermelon`
 - Each person prefers a unique type of vacation: `city`, `cruise`, `beach`, `mountain`, `camping`
 - The people keep unique animals: `horse`, `fish`, `cat`, `dog`, `bird`

## Clues:
1. Peter is somewhere to the right of the person who uses an iPhone 13.
2. The person who loves tennis is directly left of the person who uses a Google Pixel 6.
3. There is one house between the Watermelon smoothie lover and the person who loves beach vacations.
4. The person who loves baseball is in the fourth house.
5. The dog owner is Peter.
6. There is one house between the person who prefers city breaks and the person who keeps horses.
7. The fish enthusiast is directly left of the cat lover.
8. Arnold is the Desert smoothie lover.
9. The person who likes Cherry smoothies is the person who enjoys mountain retreats.
10. The person who loves swimming is not in the first house.
11. Bob is the person who prefers city breaks.
12. The person who uses a Huawei P50 is the fish enthusiast.
13. The person who loves tennis is the person who enjoys mountain retreats.
14. The person who loves baseball is somewhere to the left of the person who loves soccer.
15. The person who uses a OnePlus 9 is Peter.
16. There is one house between the person who prefers city breaks and Alice.
17. The person who enjoys camping trips is the Dragonfruit smoothie lover.
18. The person who loves baseball is the person who enjoys camping trips.
19. The person who loves beach vacations is directly left of the person who enjoys camping trips.
20. Bob is the fish enthusiast.
","{'header': array(['House', 'Name', 'PhoneModel', 'FavoriteSport', 'Smoothie',
       'Vacation', 'Animal'], dtype=object), 'rows': array([array(['1', 'Bob', 'huawei p50', 'basketball', 'watermelon', 'city',
              'fish'], dtype=object)                                       ,
       array(['2', 'Eric', 'iphone 13', 'tennis', 'cherry', 'mountain', 'cat'],
             dtype=object)                                                     ,
       array(['3', 'Alice', 'google pixel 6', 'swimming', 'lime', 'beach',
              'horse'], dtype=object)                                     ,
       array(['4', 'Peter', 'oneplus 9', 'baseball', 'dragonfruit', 'camping',
              'dog'], dtype=object)                                           ,
       array(['5', 'Arnold', 'samsung galaxy s21', 'soccer', 'desert', 'cruise',
              'bird'], dtype=object)                                            ],
      dtype=object)}",2024-07-03T21:21:29.209508,"{'reasoning': '___', 'solution': '{""House 1"":{""Name"":""___"",""PhoneModel"":""___"",""FavoriteSport"":""___"",""Smoothie"":""___"",""Vacation"":""___"",""Animal"":""___""},""House 2"":{""Name"":""___"",""PhoneModel"":""___"",""FavoriteSport"":""___"",""Smoothie"":""___"",""Vacation"":""___"",""Animal"":""___""},""House 3"":{""Name"":""___"",""PhoneModel"":""___"",""FavoriteSport"":""___"",""Smoothie"":""___"",""Vacation"":""___"",""Animal"":""___""},""House 4"":{""Name"":""___"",""PhoneModel"":""___"",""FavoriteSport"":""___"",""Smoothie"":""___"",""Vacation"":""___"",""Animal"":""___""},""House 5"":{""Name"":""___"",""PhoneModel"":""___"",""FavoriteSport"":""___"",""Smoothie"":""___"",""Vacation"":""___"",""Animal"":""___""}}'}","{'reasoning': '___', 'solution': '{""House 1"":{""Name"":""Bob"",""PhoneModel"":""huawei p50"",""FavoriteSport"":""basketball"",""Smoothie"":""watermelon"",""Vacation"":""city"",""Animal"":""fish""},""House 2"":{""Name"":""Eric"",""PhoneModel"":""iphone 13"",""FavoriteSport"":""tennis"",""Smoothie"":""cherry"",""Vacation"":""mountain"",""Animal"":""cat""},""House 3"":{""Name"":""Alice"",""PhoneModel"":""google pixel 6"",""FavoriteSport"":""swimming"",""Smoothie"":""lime"",""Vacation"":""beach"",""Animal"":""horse""},""House 4"":{""Name"":""Peter"",""PhoneModel"":""oneplus 9"",""FavoriteSport"":""baseball"",""Smoothie"":""dragonfruit"",""Vacation"":""camping"",""Animal"":""dog""},""House 5"":{""Name"":""Arnold"",""PhoneModel"":""samsung galaxy s21"",""FavoriteSport"":""soccer"",""Smoothie"":""desert"",""Vacation"":""cruise"",""Animal"":""bird""}}'}"
lgp-test-5x6-22,5*6,"There are 5 houses, numbered 1 to 5 from left to right, as seen from across the street. Each house is occupied by a different person. Each house has a unique attribute for each of the following characteristics:
 - Each person has a unique name: `Peter`, `Arnold`, `Eric`, `Alice`, `Bob`
 - Each person has a unique level of education: `associate`, `doctorate`, `high school`, `bachelor`, `master`
 - Each mother is accompanied by their child: `Fred`, `Meredith`, `Bella`, `Timothy`, `Samantha`
 - Everyone has a unique favorite cigar: `prince`, `pall mall`, `blue master`, `dunhill`, `blends`
 - The people are of nationalities: `swede`, `brit`, `dane`, `german`, `norwegian`
 - People have unique favorite book genres: `romance`, `mystery`, `biography`, `science fiction`, `fantasy`

## Clues:
1. The person with a master's degree is the person partial to Pall Mall.
2. The person with a high school diploma is in the fourth house.
3. The person's child is named Samantha is in the first house.
4. The Norwegian and the person with a master's degree are next to each other.
5. The German is the Dunhill smoker.
6. The person who is the mother of Timothy is directly left of the person with a master's degree.
7. Arnold and the Dane are next to each other.
8. The Swedish person is the person who loves mystery books.
9. The Swedish person is Alice.
10. Arnold is the person with an associate's degree.
11. The person with a doctorate is in the second house.
12. Peter is somewhere to the right of the person who loves biography books.
13. The person who smokes many unique blends is Alice.
14. The person who loves fantasy books is in the first house.
15. Peter is the Norwegian.
16. The person with a doctorate is the person's child is named Meredith.
17. The Prince smoker is somewhere to the left of the person who smokes many unique blends.
18. The person partial to Pall Mall is the person's child is named Bella.
19. The person who loves romance books is Bob.
","{'header': array(['House', 'Name', 'Education', 'Children', 'Cigar', 'Nationality',
       'BookGenre'], dtype=object), 'rows': array([array(['1', 'Arnold', 'associate', 'Samantha', 'dunhill', 'german',
              'fantasy'], dtype=object)                                   ,
       array(['2', 'Eric', 'doctorate', 'Meredith', 'prince', 'dane',
              'biography'], dtype=object)                            ,
       array(['3', 'Alice', 'bachelor', 'Fred', 'blends', 'swede', 'mystery'],
             dtype=object)                                                    ,
       array(['4', 'Peter', 'high school', 'Timothy', 'blue master', 'norwegian',
              'science fiction'], dtype=object)                                  ,
       array(['5', 'Bob', 'master', 'Bella', 'pall mall', 'brit', 'romance'],
             dtype=object)                                                   ],
      dtype=object)}",2024-07-03T21:21:29.209547,"{'reasoning': '___', 'solution': '{""House 1"":{""Name"":""___"",""Education"":""___"",""Children"":""___"",""Cigar"":""___"",""Nationality"":""___"",""BookGenre"":""___""},""House 2"":{""Name"":""___"",""Education"":""___"",""Children"":""___"",""Cigar"":""___"",""Nationality"":""___"",""BookGenre"":""___""},""House 3"":{""Name"":""___"",""Education"":""___"",""Children"":""___"",""Cigar"":""___"",""Nationality"":""___"",""BookGenre"":""___""},""House 4"":{""Name"":""___"",""Education"":""___"",""Children"":""___"",""Cigar"":""___"",""Nationality"":""___"",""BookGenre"":""___""},""House 5"":{""Name"":""___"",""Education"":""___"",""Children"":""___"",""Cigar"":""___"",""Nationality"":""___"",""BookGenre"":""___""}}'}","{'reasoning': '___', 'solution': '{""House 1"":{""Name"":""Arnold"",""Education"":""associate"",""Children"":""Samantha"",""Cigar"":""dunhill"",""Nationality"":""german"",""BookGenre"":""fantasy""},""House 2"":{""Name"":""Eric"",""Education"":""doctorate"",""Children"":""Meredith"",""Cigar"":""prince"",""Nationality"":""dane"",""BookGenre"":""biography""},""House 3"":{""Name"":""Alice"",""Education"":""bachelor"",""Children"":""Fred"",""Cigar"":""blends"",""Nationality"":""swede"",""BookGenre"":""mystery""},""House 4"":{""Name"":""Peter"",""Education"":""high school"",""Children"":""Timothy"",""Cigar"":""blue master"",""Nationality"":""norwegian"",""BookGenre"":""science fiction""},""House 5"":{""Name"":""Bob"",""Education"":""master"",""Children"":""Bella"",""Cigar"":""pall mall"",""Nationality"":""brit"",""BookGenre"":""romance""}}'}"
lgp-test-5x6-37,5*6,"There are 5 houses, numbered 1 to 5 from left to right, as seen from across the street. Each house is occupied by a different person. Each house has a unique attribute for each of the following characteristics:
 - Each person has a unique name: `Bob`, `Arnold`, `Alice`, `Peter`, `Eric`
 - Each person has a unique hobby: `cooking`, `gardening`, `painting`, `photography`, `knitting`
 - People have unique favorite sports: `swimming`, `tennis`, `soccer`, `baseball`, `basketball`
 - Each person lives in a unique style of house: `ranch`, `craftsman`, `victorian`, `modern`, `colonial`
 - Each mother is accompanied by their child: `Timothy`, `Samantha`, `Bella`, `Meredith`, `Fred`
 - People have unique heights: `average`, `very tall`, `very short`, `short`, `tall`

## Clues:
1. The person who has an average height is the person's child is named Meredith.
2. The person who is tall is in the second house.
3. Peter is directly left of the person residing in a Victorian house.
4. Alice is the person who is tall.
5. The person who loves baseball is the person who is very tall.
6. The person's child is named Meredith and the person who is the mother of Timothy are next to each other.
7. Bob is the person who paints as a hobby.
8. The person who enjoys gardening is in the second house.
9. The person who is very short is somewhere to the right of Eric.
10. The person who loves tennis is the person's child is named Samantha.
11. The person who loves soccer is not in the first house.
12. The person's child is named Samantha is the person in a modern-style house.
13. The person in a Craftsman-style house is the person who has an average height.
14. The person's child is named Fred is the person residing in a Victorian house.
15. The person who is short is the person who loves basketball.
16. Peter is the person who is very tall.
17. The person in a ranch-style home is somewhere to the left of the person who loves cooking.
18. The person who enjoys knitting and the person who enjoys gardening are next to each other.
19. The person in a modern-style house is the person who loves cooking.
20. The person residing in a Victorian house is in the fifth house.
","{'header': array(['House', 'Name', 'Hobby', 'FavoriteSport', 'HouseStyle',
       'Children', 'Height'], dtype=object), 'rows': array([array(['1', 'Eric', 'knitting', 'swimming', 'craftsman', 'Meredith',
              'average'], dtype=object)                                    ,
       array(['2', 'Alice', 'gardening', 'soccer', 'ranch', 'Timothy', 'tall'],
             dtype=object)                                                     ,
       array(['3', 'Arnold', 'cooking', 'tennis', 'modern', 'Samantha',
              'very short'], dtype=object)                             ,
       array(['4', 'Peter', 'photography', 'baseball', 'colonial', 'Bella',
              'very tall'], dtype=object)                                  ,
       array(['5', 'Bob', 'painting', 'basketball', 'victorian', 'Fred', 'short'],
             dtype=object)                                                        ],
      dtype=object)}",2024-07-03T21:21:29.209659,"{'reasoning': '___', 'solution': '{""House 1"":{""Name"":""___"",""Hobby"":""___"",""FavoriteSport"":""___"",""HouseStyle"":""___"",""Children"":""___"",""Height"":""___""},""House 2"":{""Name"":""___"",""Hobby"":""___"",""FavoriteSport"":""___"",""HouseStyle"":""___"",""Children"":""___"",""Height"":""___""},""House 3"":{""Name"":""___"",""Hobby"":""___"",""FavoriteSport"":""___"",""HouseStyle"":""___"",""Children"":""___"",""Height"":""___""},""House 4"":{""Name"":""___"",""Hobby"":""___"",""FavoriteSport"":""___"",""HouseStyle"":""___"",""Children"":""___"",""Height"":""___""},""House 5"":{""Name"":""___"",""Hobby"":""___"",""FavoriteSport"":""___"",""HouseStyle"":""___"",""Children"":""___"",""Height"":""___""}}'}","{'reasoning': '___', 'solution': '{""House 1"":{""Name"":""Eric"",""Hobby"":""knitting"",""FavoriteSport"":""swimming"",""HouseStyle"":""craftsman"",""Children"":""Meredith"",""Height"":""average""},""House 2"":{""Name"":""Alice"",""Hobby"":""gardening"",""FavoriteSport"":""soccer"",""HouseStyle"":""ranch"",""Children"":""Timothy"",""Height"":""tall""},""House 3"":{""Name"":""Arnold"",""Hobby"":""cooking"",""FavoriteSport"":""tennis"",""HouseStyle"":""modern"",""Children"":""Samantha"",""Height"":""very short""},""House 4"":{""Name"":""Peter"",""Hobby"":""photography"",""FavoriteSport"":""baseball"",""HouseStyle"":""colonial"",""Children"":""Bella"",""Height"":""very tall""},""House 5"":{""Name"":""Bob"",""Hobby"":""painting"",""FavoriteSport"":""basketball"",""HouseStyle"":""victorian"",""Children"":""Fred"",""Height"":""short""}}'}"
lgp-test-5x6-31,5*6,"There are 5 houses, numbered 1 to 5 from left to right, as seen from across the street. Each house is occupied by a different person. Each house has a unique attribute for each of the following characteristics:
 - Each person has a unique name: `Alice`, `Eric`, `Peter`, `Bob`, `Arnold`
 - Each person has a favorite color: `red`, `white`, `green`, `blue`, `yellow`
 - Everyone has a favorite smoothie: `watermelon`, `dragonfruit`, `cherry`, `desert`, `lime`
 - Each person has a unique birthday month: `feb`, `sept`, `april`, `mar`, `jan`
 - People have unique favorite book genres: `romance`, `science fiction`, `mystery`, `fantasy`, `biography`
 - People have unique heights: `very short`, `very tall`, `tall`, `short`, `average`

## Clues:
1. The person who drinks Lime smoothies is in the second house.
2. The person who loves fantasy books is directly left of the Dragonfruit smoothie lover.
3. The person whose birthday is in September is not in the third house.
4. There is one house between the person whose birthday is in March and Peter.
5. The person whose birthday is in February is the Desert smoothie lover.
6. The person who is tall is not in the fifth house.
7. The person whose birthday is in January is somewhere to the left of the person whose birthday is in February.
8. The person who is very short is the person who loves blue.
9. The person whose favorite color is red is Arnold.
10. The person who loves science fiction books is directly left of the person who loves biography books.
11. Bob is not in the fifth house.
12. The person whose birthday is in January is the person whose favorite color is green.
13. The person who has an average height is the person who likes Cherry smoothies.
14. The person who loves fantasy books is the person whose birthday is in February.
15. The person whose favorite color is red is directly left of the person who is very short.
16. The person who loves science fiction books is the person whose birthday is in March.
17. The person who is very tall is in the second house.
18. The person who drinks Lime smoothies is somewhere to the left of the person who loves mystery books.
19. Eric is in the third house.
20. The person who loves fantasy books is the person who loves white.
","{'header': array(['House', 'Name', 'Color', 'Smoothie', 'Birthday', 'BookGenre',
       'Height'], dtype=object), 'rows': array([array(['1', 'Bob', 'green', 'cherry', 'jan', 'romance', 'average'],
             dtype=object)                                                ,
       array(['2', 'Arnold', 'red', 'lime', 'mar', 'science fiction',
              'very tall'], dtype=object)                            ,
       array(['3', 'Eric', 'blue', 'watermelon', 'april', 'biography',
              'very short'], dtype=object)                            ,
       array(['4', 'Peter', 'white', 'desert', 'feb', 'fantasy', 'tall'],
             dtype=object)                                               ,
       array(['5', 'Alice', 'yellow', 'dragonfruit', 'sept', 'mystery', 'short'],
             dtype=object)                                                       ],
      dtype=object)}",2024-07-03T21:21:29.209614,"{'reasoning': '___', 'solution': '{""House 1"":{""Name"":""___"",""Color"":""___"",""Smoothie"":""___"",""Birthday"":""___"",""BookGenre"":""___"",""Height"":""___""},""House 2"":{""Name"":""___"",""Color"":""___"",""Smoothie"":""___"",""Birthday"":""___"",""BookGenre"":""___"",""Height"":""___""},""House 3"":{""Name"":""___"",""Color"":""___"",""Smoothie"":""___"",""Birthday"":""___"",""BookGenre"":""___"",""Height"":""___""},""House 4"":{""Name"":""___"",""Color"":""___"",""Smoothie"":""___"",""Birthday"":""___"",""BookGenre"":""___"",""Height"":""___""},""House 5"":{""Name"":""___"",""Color"":""___"",""Smoothie"":""___"",""Birthday"":""___"",""BookGenre"":""___"",""Height"":""___""}}'}","{'reasoning': '___', 'solution': '{""House 1"":{""Name"":""Bob"",""Color"":""green"",""Smoothie"":""cherry"",""Birthday"":""jan"",""BookGenre"":""romance"",""Height"":""average""},""House 2"":{""Name"":""Arnold"",""Color"":""red"",""Smoothie"":""lime"",""Birthday"":""mar"",""BookGenre"":""science fiction"",""Height"":""very tall""},""House 3"":{""Name"":""Eric"",""Color"":""blue"",""Smoothie"":""watermelon"",""Birthday"":""april"",""BookGenre"":""biography"",""Height"":""very short""},""House 4"":{""Name"":""Peter"",""Color"":""white"",""Smoothie"":""desert"",""Birthday"":""feb"",""BookGenre"":""fantasy"",""Height"":""tall""},""House 5"":{""Name"":""Alice"",""Color"":""yellow"",""Smoothie"":""dragonfruit"",""Birthday"":""sept"",""BookGenre"":""mystery"",""Height"":""short""}}'}"
lgp-test-5x6-1,5*6,"There are 5 houses, numbered 1 to 5 from left to right, as seen from across the street. Each house is occupied by a different person. Each house has a unique attribute for each of the following characteristics:
 - Each person has a unique name: `Bob`, `Arnold`, `Eric`, `Peter`, `Alice`
 - Each person has a unique favorite drink: `milk`, `root beer`, `coffee`, `tea`, `water`
 - Everyone has a favorite smoothie: `dragonfruit`, `lime`, `desert`, `cherry`, `watermelon`
 - Everyone has a unique favorite cigar: `prince`, `pall mall`, `dunhill`, `blends`, `blue master`
 - Each person has a favorite color: `red`, `yellow`, `green`, `blue`, `white`
 - People have unique favorite music genres: `pop`, `rock`, `jazz`, `classical`, `hip hop`

## Clues:
1. The coffee drinker is the person who likes Cherry smoothies.
2. The Watermelon smoothie lover is the person who loves rock music.
3. The person who loves yellow is the person who loves hip-hop music.
4. Eric is somewhere to the right of the person who loves classical music.
5. The one who only drinks water is the Prince smoker.
6. The person who smokes Blue Master is Eric.
7. The Dunhill smoker is Alice.
8. The root beer lover is the person whose favorite color is red.
9. The Dunhill smoker is somewhere to the left of the Prince smoker.
10. The Dragonfruit smoothie lover is directly left of the person who likes Cherry smoothies.
11. Arnold is the person whose favorite color is green.
12. Eric is the tea drinker.
13. The Dunhill smoker is the person who loves white.
14. The person who loves classical music and the person who drinks Lime smoothies are next to each other.
15. The person who drinks Lime smoothies is Eric.
16. The person who loves rock music is directly left of the root beer lover.
17. The person who loves pop music is the root beer lover.
18. The person whose favorite color is green is not in the third house.
19. The one who only drinks water is the person who loves blue.
20. The person who loves rock music is the person who loves white.
21. Peter is not in the third house.
22. The person who likes Cherry smoothies is somewhere to the right of the person partial to Pall Mall.
","{'header': array(['House', 'Name', 'Drink', 'Smoothie', 'Cigar', 'Color',
       'MusicGenre'], dtype=object), 'rows': array([array(['1', 'Alice', 'milk', 'watermelon', 'dunhill', 'white', 'rock'],
             dtype=object)                                                    ,
       array(['2', 'Peter', 'root beer', 'desert', 'pall mall', 'red', 'pop'],
             dtype=object)                                                    ,
       array(['3', 'Bob', 'water', 'dragonfruit', 'prince', 'blue', 'jazz'],
             dtype=object)                                                  ,
       array(['4', 'Arnold', 'coffee', 'cherry', 'blends', 'green', 'classical'],
             dtype=object)                                                       ,
       array(['5', 'Eric', 'tea', 'lime', 'blue master', 'yellow', 'hip hop'],
             dtype=object)                                                    ],
      dtype=object)}",2024-07-03T21:21:29.209350,"{'reasoning': '___', 'solution': '{""House 1"":{""Name"":""___"",""Drink"":""___"",""Smoothie"":""___"",""Cigar"":""___"",""Color"":""___"",""MusicGenre"":""___""},""House 2"":{""Name"":""___"",""Drink"":""___"",""Smoothie"":""___"",""Cigar"":""___"",""Color"":""___"",""MusicGenre"":""___""},""House 3"":{""Name"":""___"",""Drink"":""___"",""Smoothie"":""___"",""Cigar"":""___"",""Color"":""___"",""MusicGenre"":""___""},""House 4"":{""Name"":""___"",""Drink"":""___"",""Smoothie"":""___"",""Cigar"":""___"",""Color"":""___"",""MusicGenre"":""___""},""House 5"":{""Name"":""___"",""Drink"":""___"",""Smoothie"":""___"",""Cigar"":""___"",""Color"":""___"",""MusicGenre"":""___""}}'}","{'reasoning': '___', 'solution': '{""House 1"":{""Name"":""Alice"",""Drink"":""milk"",""Smoothie"":""watermelon"",""Cigar"":""dunhill"",""Color"":""white"",""MusicGenre"":""rock""},""House 2"":{""Name"":""Peter"",""Drink"":""root beer"",""Smoothie"":""desert"",""Cigar"":""pall mall"",""Color"":""red"",""MusicGenre"":""pop""},""House 3"":{""Name"":""Bob"",""Drink"":""water"",""Smoothie"":""dragonfruit"",""Cigar"":""prince"",""Color"":""blue"",""MusicGenre"":""jazz""},""House 4"":{""Name"":""Arnold"",""Drink"":""coffee"",""Smoothie"":""cherry"",""Cigar"":""blends"",""Color"":""green"",""MusicGenre"":""classical""},""House 5"":{""Name"":""Eric"",""Drink"":""tea"",""Smoothie"":""lime"",""Cigar"":""blue master"",""Color"":""yellow"",""MusicGenre"":""hip hop""}}'}"
lgp-test-5x6-12,5*6,"There are 5 houses, numbered 1 to 5 from left to right, as seen from across the street. Each house is occupied by a different person. Each house has a unique attribute for each of the following characteristics:
 - Each person has a unique name: `Eric`, `Alice`, `Arnold`, `Peter`, `Bob`
 - People have unique heights: `average`, `tall`, `short`, `very short`, `very tall`
 - Each person has a unique hobby: `cooking`, `knitting`, `photography`, `gardening`, `painting`
 - Each person prefers a unique type of vacation: `cruise`, `city`, `mountain`, `beach`, `camping`
 - People own unique car models: `ford f150`, `toyota camry`, `tesla model 3`, `honda civic`, `bmw 3 series`
 - Each person has a unique level of education: `bachelor`, `doctorate`, `master`, `high school`, `associate`

## Clues:
1. The person who is short is directly left of the person with a high school diploma.
2. The person who enjoys mountain retreats is the person who paints as a hobby.
3. The person who loves cooking is the person with a doctorate.
4. The person who owns a Honda Civic is in the third house.
5. The person who owns a Honda Civic is the person who has an average height.
6. Bob is the person who paints as a hobby.
7. The person with a master's degree is Eric.
8. The person who enjoys knitting is directly left of the person with a high school diploma.
9. The person who owns a Toyota Camry and the person who enjoys camping trips are next to each other.
10. Peter is not in the fifth house.
11. The person who prefers city breaks is the person who owns a BMW 3 Series.
12. The person who owns a Honda Civic is Eric.
13. The person who paints as a hobby is the person with a bachelor's degree.
14. Arnold is not in the second house.
15. The person who owns a Ford F-150 is not in the second house.
16. The person who enjoys gardening is the person who likes going on cruises.
17. The person who loves beach vacations is the person who is very short.
18. The person who owns a BMW 3 Series is not in the first house.
19. The person who owns a Toyota Camry is directly left of the person who is tall.
20. Arnold is not in the fifth house.
","{'header': array(['House', 'Name', 'Height', 'Hobby', 'Vacation', 'CarModel',
       'Education'], dtype=object), 'rows': array([array(['1', 'Bob', 'very tall', 'painting', 'mountain', 'toyota camry',
              'bachelor'], dtype=object)                                      ,
       array(['2', 'Peter', 'tall', 'cooking', 'camping', 'tesla model 3',
              'doctorate'], dtype=object)                                 ,
       array(['3', 'Eric', 'average', 'gardening', 'cruise', 'honda civic',
              'master'], dtype=object)                                     ,
       array(['4', 'Arnold', 'short', 'knitting', 'city', 'bmw 3 series',
              'associate'], dtype=object)                                ,
       array(['5', 'Alice', 'very short', 'photography', 'beach', 'ford f150',
              'high school'], dtype=object)                                   ],
      dtype=object)}",2024-07-03T21:21:29.209434,"{'reasoning': '___', 'solution': '{""House 1"":{""Name"":""___"",""Height"":""___"",""Hobby"":""___"",""Vacation"":""___"",""CarModel"":""___"",""Education"":""___""},""House 2"":{""Name"":""___"",""Height"":""___"",""Hobby"":""___"",""Vacation"":""___"",""CarModel"":""___"",""Education"":""___""},""House 3"":{""Name"":""___"",""Height"":""___"",""Hobby"":""___"",""Vacation"":""___"",""CarModel"":""___"",""Education"":""___""},""House 4"":{""Name"":""___"",""Height"":""___"",""Hobby"":""___"",""Vacation"":""___"",""CarModel"":""___"",""Education"":""___""},""House 5"":{""Name"":""___"",""Height"":""___"",""Hobby"":""___"",""Vacation"":""___"",""CarModel"":""___"",""Education"":""___""}}'}","{'reasoning': '___', 'solution': '{""House 1"":{""Name"":""Bob"",""Height"":""very tall"",""Hobby"":""painting"",""Vacation"":""mountain"",""CarModel"":""toyota camry"",""Education"":""bachelor""},""House 2"":{""Name"":""Peter"",""Height"":""tall"",""Hobby"":""cooking"",""Vacation"":""camping"",""CarModel"":""tesla model 3"",""Education"":""doctorate""},""House 3"":{""Name"":""Eric"",""Height"":""average"",""Hobby"":""gardening"",""Vacation"":""cruise"",""CarModel"":""honda civic"",""Education"":""master""},""House 4"":{""Name"":""Arnold"",""Height"":""short"",""Hobby"":""knitting"",""Vacation"":""city"",""CarModel"":""bmw 3 series"",""Education"":""associate""},""House 5"":{""Name"":""Alice"",""Height"":""very short"",""Hobby"":""photography"",""Vacation"":""beach"",""CarModel"":""ford f150"",""Education"":""high school""}}'}"
